Stateandterritory,Industry,Category,PersonsMedianweeklyearnings,MalesMedianweeklyearnings,FemalesMedianweeklyearnings
Australia,"Agriculture, forestry and fishing",Full-time,1250,1244.502,1275.523
Australia,"Agriculture, forestry and fishing",Part-time,545.662,556.466,543.2
Australia,"Agriculture, forestry and fishing",Skill level 1,1505.147,1482.198,1639.818
Australia,"Agriculture, forestry and fishing",Skill level 2,1417.523,0,0
Australia,"Agriculture, forestry and fishing",Skill level 3,987.163,1000,0
Australia,"Agriculture, forestry and fishing",Skill level 4,1009.704,1200,1000
Australia,"Agriculture, forestry and fishing",Skill level 5,982.212,1000,849.159
Australia,Mining,Full-time,2452.324,2612.589,1738.171
Australia,Mining,Part-time,1195.891,2055.167,1020.118
Australia,Mining,Skill level 1,3000,3266.937,1982.496
Australia,Mining,Skill level 2,2301,3149.974,1507.191
Australia,Mining,Skill level 3,2500,2611.103,0
Australia,Mining,Skill level 4,2205.613,2323.586,1501.53
Australia,Mining,Skill level 5,1743.668,1944.934,1484.121
Australia,Manufacturing,Full-time,1512.105,1571.039,1400
Australia,Manufacturing,Part-time,600,553.376,605.539
Australia,Manufacturing,Skill level 1,2036.668,2065.143,1903.801
Australia,Manufacturing,Skill level 2,1500,1543.218,1335.588
Australia,Manufacturing,Skill level 3,1453.945,1499.235,980.969
Australia,Manufacturing,Skill level 4,1250,1342,1155.533
Australia,Manufacturing,Skill level 5,1051.301,1138.59,908.797
Australia,"Electricity, gas, water and waste services",Full-time,2000,2052.655,1701.478
Australia,"Electricity, gas, water and waste services",Part-time,841.328,877.574,749.316
Australia,"Electricity, gas, water and waste services",Skill level 1,2291.717,2364.164,2054.78
Australia,"Electricity, gas, water and waste services",Skill level 2,2467.983,2476.771,0
Australia,"Electricity, gas, water and waste services",Skill level 3,2189.296,2319.94,0
Australia,"Electricity, gas, water and waste services",Skill level 4,1346.431,1422.792,1193.949
Australia,"Electricity, gas, water and waste services",Skill level 5,1250,1250,1306.378
Australia,Construction,Full-time,1538,1550,1400
Australia,Construction,Part-time,670.574,657.389,691.931
Australia,Construction,Skill level 1,2097.827,2115.584,2000
Australia,Construction,Skill level 2,1800,1867.969,1231.611
Australia,Construction,Skill level 3,1354.448,1363.063,1288.39
Australia,Construction,Skill level 4,1403.032,1571.737,1039.347
Australia,Construction,Skill level 5,1250,1250.108,0
Australia,Wholesale trade,Full-time,1472.207,1507,1301.605
Australia,Wholesale trade,Part-time,738.009,756.099,688.083
Australia,Wholesale trade,Skill level 1,2015.304,2185.493,1827.524
Australia,Wholesale trade,Skill level 2,1462.215,1653.909,1298.086
Australia,Wholesale trade,Skill level 3,1467.39,1477.195,0
Australia,Wholesale trade,Skill level 4,1211.619,1247,1154.471
Australia,Wholesale trade,Skill level 5,1099.255,1140.204,925.775
Australia,Retail trade,Full-time,1228.885,1349.45,1150
Australia,Retail trade,Part-time,477,450,500
Australia,Retail trade,Skill level 1,1762.419,2050.848,1600.268
Australia,Retail trade,Skill level 2,1300,1424.505,1200
Australia,Retail trade,Skill level 3,1075.126,1233.109,817.606
Australia,Retail trade,Skill level 4,1055.201,1093.454,1028
Australia,Retail trade,Skill level 5,559.718,600,550
Australia,Accommodation and food services,Full-time,1193.106,1247.224,1114.037
Australia,Accommodation and food services,Part-time,373,350.843,400
Australia,Accommodation and food services,Skill level 1,1372.768,1597.283,1364.714
Australia,Accommodation and food services,Skill level 2,1119.803,1153,1100
Australia,Accommodation and food services,Skill level 3,900,996.446,824.977
Australia,Accommodation and food services,Skill level 4,588,637.434,535.731
Australia,Accommodation and food services,Skill level 5,323.295,269.418,350
Australia,"Transport, postal and warehousing",Full-time,1550.465,1605.472,1397.295
Australia,"Transport, postal and warehousing",Part-time,720,739.853,700
Australia,"Transport, postal and warehousing",Skill level 1,2386.119,2493,1956.231
Australia,"Transport, postal and warehousing",Skill level 2,1400,1977.428,1255.721
Australia,"Transport, postal and warehousing",Skill level 3,1657.818,1915.987,1180.066
Australia,"Transport, postal and warehousing",Skill level 4,1325.001,1380,1171.066
Australia,"Transport, postal and warehousing",Skill level 5,1103.061,1162.237,1005.726
Australia,Information Media and telecommunications,Full-time,1803.133,1918.376,1600
Australia,Information Media and telecommunications,Part-time,603.051,541.26,900.64
Australia,Information Media and telecommunications,Skill level 1,2085.852,2280,1816.354
Australia,Information Media and telecommunications,Skill level 2,1359.129,1549.093,969.195
Australia,Information Media and telecommunications,Skill level 3,1623.183,1645.657,0
Australia,Information Media and telecommunications,Skill level 4,1062.267,1000,1135.345
Australia,Information Media and telecommunications,Skill level 5,487.537,477.927,0
Australia,Financial and insurance services,Full-time,1898.973,2199.365,1686.249
Australia,Financial and insurance services,Part-time,915.372,1120.54,903.385
Australia,Financial and insurance services,Skill level 1,2271.585,2493,1994
Australia,Financial and insurance services,Skill level 2,1858.331,2170.418,1629.586
Australia,Financial and insurance services,Skill level 3,1438,1731.792,1293.894
Australia,Financial and insurance services,Skill level 4,1250,1385.221,1199.704
Australia,Financial and insurance services,Skill level 5,972.761,0,0
Australia,"Rental, hiring and real estate services",Full-time,1395.023,1455.687,1301.852
Australia,"Rental, hiring and real estate services",Part-time,648.174,774.389,550
Australia,"Rental, hiring and real estate services",Skill level 1,1997.533,2079.226,1814.996
Australia,"Rental, hiring and real estate services",Skill level 2,1402.075,1632.259,1200.653
Australia,"Rental, hiring and real estate services",Skill level 3,1250,1250.332,1245.941
Australia,"Rental, hiring and real estate services",Skill level 4,1030.927,1132.757,992.466
Australia,"Rental, hiring and real estate services",Skill level 5,921.239,812.311,979.246
Australia,"Professional, scientific and technical services",Full-time,1900,2109,1726
Australia,"Professional, scientific and technical services",Part-time,799.25,705.524,826.087
Australia,"Professional, scientific and technical services",Skill level 1,1988.5,2148.865,1819.003
Australia,"Professional, scientific and technical services",Skill level 2,1381.14,1600,1262.018
Australia,"Professional, scientific and technical services",Skill level 3,1096.75,1426.811,1000
Australia,"Professional, scientific and technical services",Skill level 4,1194.789,1525,1150
Australia,"Professional, scientific and technical services",Skill level 5,1034.905,1254.835,1008.657
Australia,Administrative and support services,Full-time,1400,1531.363,1343.578
Australia,Administrative and support services,Part-time,600,550.928,603.208
Australia,Administrative and support services,Skill level 1,1594.294,1747.669,1520
Australia,Administrative and support services,Skill level 2,1494.074,1679.373,1438
Australia,Administrative and support services,Skill level 3,1080.643,1214.637,911.817
Australia,Administrative and support services,Skill level 4,1150.583,1352.157,1097.893
Australia,Administrative and support services,Skill level 5,763.41,890.716,646.434
Australia,Public administration and safety,Full-time,1750,1800,1724.346
Australia,Public administration and safety,Part-time,1000,900,1000
Australia,Public administration and safety,Skill level 1,2014.957,2228.154,1877.881
Australia,Public administration and safety,Skill level 2,1751.577,1847.829,1641.683
Australia,Public administration and safety,Skill level 3,1566.462,1600,1414.376
Australia,Public administration and safety,Skill level 4,1400,1500,1307.129
Australia,Public administration and safety,Skill level 5,1250,1321.735,1199.768
Australia,Education and training,Full-time,1750,1931.944,1690.576
Australia,Education and training,Part-time,800,750,805
Australia,Education and training,Skill level 1,1641.074,1907.798,1534
Australia,Education and training,Skill level 2,1359.26,1604.026,1198.102
Australia,Education and training,Skill level 3,950,1204.575,879.132
Australia,Education and training,Skill level 4,809.425,805.889,809.409
Australia,Education and training,Skill level 5,604.151,844.268,566.14
Australia,Health care and social assistance,Full-time,1579.424,1750,1530
Australia,Health care and social assistance,Part-time,840.974,850.079,837.622
Australia,Health care and social assistance,Skill level 1,1650,2000.943,1535.883
Australia,Health care and social assistance,Skill level 2,1258.535,1500,1220.59
Australia,Health care and social assistance,Skill level 3,888,1099.454,850
Australia,Health care and social assistance,Skill level 4,950,1050,900
Australia,Health care and social assistance,Skill level 5,800,940.858,750
Australia,Arts and recreation services,Full-time,1450,1596.755,1300
Australia,Arts and recreation services,Part-time,475.838,435.795,557.877
Australia,Arts and recreation services,Skill level 1,1765.033,1941.497,1632.993
Australia,Arts and recreation services,Skill level 2,1140.123,1204.639,1018.046
Australia,Arts and recreation services,Skill level 3,800,809.294,713.288
Australia,Arts and recreation services,Skill level 4,700,700.143,660.965
Australia,Arts and recreation services,Skill level 5,615.006,732.06,578.096
New South Wales,"Agriculture, forestry and fishing",Full-time,1216.837,1200,0
New South Wales,"Agriculture, forestry and fishing",Part-time,0,0,0
New South Wales,"Agriculture, forestry and fishing",Skill level 1,1743.945,1767.428,0
New South Wales,"Agriculture, forestry and fishing",Skill level 2,0,0,0
New South Wales,"Agriculture, forestry and fishing",Skill level 3,0,0,0
New South Wales,"Agriculture, forestry and fishing",Skill level 4,974.58,0,828.994
New South Wales,"Agriculture, forestry and fishing",Skill level 5,1000.801,1113.37,414.825
New South Wales,Mining,Full-time,2750.591,2822.413,0
New South Wales,Mining,Part-time,0,0,0
New South Wales,Mining,Skill level 1,3087.946,3435.643,0
New South Wales,Mining,Skill level 2,0,0,0
New South Wales,Mining,Skill level 3,0,0,0
New South Wales,Mining,Skill level 4,2500,2750.091,0
New South Wales,Mining,Skill level 5,0,0,0
New South Wales,Manufacturing,Full-time,1607.468,1650,1525.639
New South Wales,Manufacturing,Part-time,562.343,700,506.52
New South Wales,Manufacturing,Skill level 1,2219.843,2198.158,2264.815
New South Wales,Manufacturing,Skill level 2,1427.444,2178.701,1378.393
New South Wales,Manufacturing,Skill level 3,1346.069,1346,0
New South Wales,Manufacturing,Skill level 4,1200,1283.137,1195.795
New South Wales,Manufacturing,Skill level 5,1147.924,1234.994,1060.523
New South Wales,"Electricity, gas, water and waste services",Full-time,1903.228,1942.921,1454.485
New South Wales,"Electricity, gas, water and waste services",Part-time,0,0,0
New South Wales,"Electricity, gas, water and waste services",Skill level 1,2178.09,2152.914,2469.508
New South Wales,"Electricity, gas, water and waste services",Skill level 2,2511.011,2692.231,0
New South Wales,"Electricity, gas, water and waste services",Skill level 3,0,0,0
New South Wales,"Electricity, gas, water and waste services",Skill level 4,1322.554,1526.911,0
New South Wales,"Electricity, gas, water and waste services",Skill level 5,0,1415.669,0
New South Wales,Construction,Full-time,1501.014,1501.125,1589.77
New South Wales,Construction,Part-time,609.433,600,726.982
New South Wales,Construction,Skill level 1,1940.51,1797.883,1970.813
New South Wales,Construction,Skill level 2,1809.779,1874.054,1030.867
New South Wales,Construction,Skill level 3,1103.957,1105.735,1573.174
New South Wales,Construction,Skill level 4,1400,1551.424,1000
New South Wales,Construction,Skill level 5,1312.171,1306.765,0
New South Wales,Wholesale trade,Full-time,1491.171,1503.419,1335.953
New South Wales,Wholesale trade,Part-time,675.963,0,673.573
New South Wales,Wholesale trade,Skill level 1,2007.358,2007.304,2162.922
New South Wales,Wholesale trade,Skill level 2,1708.961,2037.605,0
New South Wales,Wholesale trade,Skill level 3,1492.53,1502.558,0
New South Wales,Wholesale trade,Skill level 4,1245.127,1246,1200.371
New South Wales,Wholesale trade,Skill level 5,1113.573,1148.164,0
New South Wales,Retail trade,Full-time,1301.614,1361.357,1200
New South Wales,Retail trade,Part-time,525.674,539.173,523.195
New South Wales,Retail trade,Skill level 1,1712.083,2015.275,1562.621
New South Wales,Retail trade,Skill level 2,1493.463,1590.025,1393.567
New South Wales,Retail trade,Skill level 3,933.089,0,660.274
New South Wales,Retail trade,Skill level 4,1133.782,1209.901,1039.002
New South Wales,Retail trade,Skill level 5,600,611.584,600
New South Wales,Accommodation and food services,Full-time,1252.817,1385.16,1199.754
New South Wales,Accommodation and food services,Part-time,400,308.922,447.343
New South Wales,Accommodation and food services,Skill level 1,2088.037,0,0
New South Wales,Accommodation and food services,Skill level 2,1140.571,1260.471,929.685
New South Wales,Accommodation and food services,Skill level 3,1043.661,1072.287,0
New South Wales,Accommodation and food services,Skill level 4,625,644.2,623.725
New South Wales,Accommodation and food services,Skill level 5,429.893,380.568,551.207
New South Wales,"Transport, postal and warehousing",Full-time,1567.754,1629.336,1399.685
New South Wales,"Transport, postal and warehousing",Part-time,750.494,860.033,604.17
New South Wales,"Transport, postal and warehousing",Skill level 1,2351.482,2527.876,1721.746
New South Wales,"Transport, postal and warehousing",Skill level 2,1696.962,0,1507.543
New South Wales,"Transport, postal and warehousing",Skill level 3,1817.836,1804.717,0
New South Wales,"Transport, postal and warehousing",Skill level 4,1326.221,1381.837,1208.123
New South Wales,"Transport, postal and warehousing",Skill level 5,1050.936,1098.618,1021.711
New South Wales,Information Media and telecommunications,Full-time,2006.129,2301,1768.423
New South Wales,Information Media and telecommunications,Part-time,1000.267,1753.269,916.179
New South Wales,Information Media and telecommunications,Skill level 1,2218.612,2955.768,1805.617
New South Wales,Information Media and telecommunications,Skill level 2,1234.287,2294.336,0
New South Wales,Information Media and telecommunications,Skill level 3,0,0,0
New South Wales,Information Media and telecommunications,Skill level 4,0,0,0
New South Wales,Information Media and telecommunications,Skill level 5,0,0,0
New South Wales,Financial and insurance services,Full-time,2202.029,2401.239,2000
New South Wales,Financial and insurance services,Part-time,850.284,0,826.799
New South Wales,Financial and insurance services,Skill level 1,2483.634,2576.378,2219.043
New South Wales,Financial and insurance services,Skill level 2,2334.337,2593.365,2226.104
New South Wales,Financial and insurance services,Skill level 3,1638.678,2063.181,1433.152
New South Wales,Financial and insurance services,Skill level 4,1352.132,1438,1125.931
New South Wales,Financial and insurance services,Skill level 5,0,0,0
New South Wales,"Rental, hiring and real estate services",Full-time,1412.904,1738.277,1332.038
New South Wales,"Rental, hiring and real estate services",Part-time,577.687,641.464,550
New South Wales,"Rental, hiring and real estate services",Skill level 1,2019.316,2159.76,1929.44
New South Wales,"Rental, hiring and real estate services",Skill level 2,1615.898,2290.491,1200.502
New South Wales,"Rental, hiring and real estate services",Skill level 3,1287.949,1305.091,1276.01
New South Wales,"Rental, hiring and real estate services",Skill level 4,988.365,0,1028.461
New South Wales,"Rental, hiring and real estate services",Skill level 5,582.504,0,0
New South Wales,"Professional, scientific and technical services",Full-time,2000,2224.797,1818.598
New South Wales,"Professional, scientific and technical services",Part-time,797.01,709.314,855.044
New South Wales,"Professional, scientific and technical services",Skill level 1,2011,2194.3,1900.574
New South Wales,"Professional, scientific and technical services",Skill level 2,1407.729,1720.16,1335.032
New South Wales,"Professional, scientific and technical services",Skill level 3,1096.803,1338.593,1053.284
New South Wales,"Professional, scientific and technical services",Skill level 4,1243.742,0,1119.732
New South Wales,"Professional, scientific and technical services",Skill level 5,941.053,1033.125,0
New South Wales,Administrative and support services,Full-time,1423.989,1746.552,1270.925
New South Wales,Administrative and support services,Part-time,634.631,780.156,619.625
New South Wales,Administrative and support services,Skill level 1,1628.141,1846.9,1503.742
New South Wales,Administrative and support services,Skill level 2,1430.565,1836.977,1356.607
New South Wales,Administrative and support services,Skill level 3,1108.638,1715.333,856.797
New South Wales,Administrative and support services,Skill level 4,1190.027,1744.026,1150.613
New South Wales,Administrative and support services,Skill level 5,985.666,1256.396,646.747
New South Wales,Public administration and safety,Full-time,1768.428,1748.002,1842
New South Wales,Public administration and safety,Part-time,1000,854.496,1037.784
New South Wales,Public administration and safety,Skill level 1,2239.142,2297.543,2147
New South Wales,Public administration and safety,Skill level 2,1764.282,1806.394,1606.537
New South Wales,Public administration and safety,Skill level 3,1518.049,1523.461,0
New South Wales,Public administration and safety,Skill level 4,1383.021,1479.992,1220.11
New South Wales,Public administration and safety,Skill level 5,1244.868,1222.912,1246.877
New South Wales,Education and training,Full-time,1775.012,1912.59,1749.714
New South Wales,Education and training,Part-time,750,706.219,754.028
New South Wales,Education and training,Skill level 1,1636.239,1763.26,1592.04
New South Wales,Education and training,Skill level 2,1524.368,0,1442.968
New South Wales,Education and training,Skill level 3,750,0,752.489
New South Wales,Education and training,Skill level 4,750,628.872,764.597
New South Wales,Education and training,Skill level 5,0,0,0
New South Wales,Health care and social assistance,Full-time,1600,1726,1558.005
New South Wales,Health care and social assistance,Part-time,750,806.425,750
New South Wales,Health care and social assistance,Skill level 1,1670.652,2000,1570.215
New South Wales,Health care and social assistance,Skill level 2,1396.805,1669.311,1313.872
New South Wales,Health care and social assistance,Skill level 3,784.924,1071.02,759.461
New South Wales,Health care and social assistance,Skill level 4,951.484,1126.921,948.282
New South Wales,Health care and social assistance,Skill level 5,782.682,1113.366,555.074
New South Wales,Arts and recreation services,Full-time,1355.31,1379.796,1300
New South Wales,Arts and recreation services,Part-time,444.83,268.942,475.086
New South Wales,Arts and recreation services,Skill level 1,1902.814,2302.91,1865.217
New South Wales,Arts and recreation services,Skill level 2,1145.361,0,961.862
New South Wales,Arts and recreation services,Skill level 3,842.642,855.108,0
New South Wales,Arts and recreation services,Skill level 4,549.404,636.555,494.087
New South Wales,Arts and recreation services,Skill level 5,1060.125,1059.316,0
Victoria,"Agriculture, forestry and fishing",Full-time,1136.103,1183.476,1017.363
Victoria,"Agriculture, forestry and fishing",Part-time,536.814,0,0
Victoria,"Agriculture, forestry and fishing",Skill level 1,1329.02,1113.863,1608.382
Victoria,"Agriculture, forestry and fishing",Skill level 2,0,0,0
Victoria,"Agriculture, forestry and fishing",Skill level 3,0,0,0
Victoria,"Agriculture, forestry and fishing",Skill level 4,1000,0,0
Victoria,"Agriculture, forestry and fishing",Skill level 5,911.689,970.318,0
Victoria,Mining,Full-time,2471.189,2542.159,0
Victoria,Mining,Part-time,0,0,0
Victoria,Mining,Skill level 1,3525.764,0,0
Victoria,Mining,Skill level 2,0,0,0
Victoria,Mining,Skill level 3,0,0,0
Victoria,Mining,Skill level 4,2076.813,0,0
Victoria,Mining,Skill level 5,0,0,0
Victoria,Manufacturing,Full-time,1498.911,1530.972,1349.043
Victoria,Manufacturing,Part-time,600,480.687,648.904
Victoria,Manufacturing,Skill level 1,1931.044,2000,1829.507
Victoria,Manufacturing,Skill level 2,1524.252,1441.178,1581.453
Victoria,Manufacturing,Skill level 3,1491.704,1535.713,863.242
Victoria,Manufacturing,Skill level 4,1200,1269.61,1136.874
Victoria,Manufacturing,Skill level 5,958.202,1105.666,873.031
Victoria,"Electricity, gas, water and waste services",Full-time,2215.702,2231.789,2143.945
Victoria,"Electricity, gas, water and waste services",Part-time,822.476,801.008,845.43
Victoria,"Electricity, gas, water and waste services",Skill level 1,2289.764,2305.291,0
Victoria,"Electricity, gas, water and waste services",Skill level 2,2875.177,0,0
Victoria,"Electricity, gas, water and waste services",Skill level 3,0,0,0
Victoria,"Electricity, gas, water and waste services",Skill level 4,1079.088,1223.329,713.486
Victoria,"Electricity, gas, water and waste services",Skill level 5,1365.451,1249.861,0
Victoria,Construction,Full-time,1621.402,1644.62,1517.103
Victoria,Construction,Part-time,700.124,733.234,663.822
Victoria,Construction,Skill level 1,2112.945,2116.942,2056.525
Victoria,Construction,Skill level 2,1485.958,1747.43,1189.371
Victoria,Construction,Skill level 3,1500,1500,0
Victoria,Construction,Skill level 4,1563.778,1844.262,1183.562
Victoria,Construction,Skill level 5,1249.92,1261.71,0
Victoria,Wholesale trade,Full-time,1577.149,1600,1455.955
Victoria,Wholesale trade,Part-time,805.402,743.507,947.578
Victoria,Wholesale trade,Skill level 1,2300.975,2454.995,2290.458
Victoria,Wholesale trade,Skill level 2,1438.864,1507.028,0
Victoria,Wholesale trade,Skill level 3,1277.115,1332.191,0
Victoria,Wholesale trade,Skill level 4,1214,1300,1194.338
Victoria,Wholesale trade,Skill level 5,1171.618,1184.981,0
Victoria,Retail trade,Full-time,1282.76,1448.964,1200
Victoria,Retail trade,Part-time,403.502,350.032,428.067
Victoria,Retail trade,Skill level 1,1915.517,2471.93,1645.624
Victoria,Retail trade,Skill level 2,1200,1321.524,1158.317
Victoria,Retail trade,Skill level 3,1129.921,1385.319,742.69
Victoria,Retail trade,Skill level 4,1000,1000,1015.398
Victoria,Retail trade,Skill level 5,500,650,450
Victoria,Accommodation and food services,Full-time,1103.276,1150,1097.961
Victoria,Accommodation and food services,Part-time,350,399.265,335.802
Victoria,Accommodation and food services,Skill level 1,1118.819,0,0
Victoria,Accommodation and food services,Skill level 2,1099.78,1099.839,1081.953
Victoria,Accommodation and food services,Skill level 3,712.25,0,0
Victoria,Accommodation and food services,Skill level 4,500,572.062,400
Victoria,Accommodation and food services,Skill level 5,256.657,211.058,349.087
Victoria,"Transport, postal and warehousing",Full-time,1544.916,1600,1400.494
Victoria,"Transport, postal and warehousing",Part-time,687.297,653.073,792.68
Victoria,"Transport, postal and warehousing",Skill level 1,2445.165,2475.51,2186.965
Victoria,"Transport, postal and warehousing",Skill level 2,0,0,0
Victoria,"Transport, postal and warehousing",Skill level 3,1989.271,2044.712,809.868
Victoria,"Transport, postal and warehousing",Skill level 4,1416.535,1432,1288.926
Victoria,"Transport, postal and warehousing",Skill level 5,881.092,1000,856.003
Victoria,Information Media and telecommunications,Full-time,1761.3,1872.296,1519.516
Victoria,Information Media and telecommunications,Part-time,531.919,0,880.892
Victoria,Information Media and telecommunications,Skill level 1,2064.788,2007.778,2349.602
Victoria,Information Media and telecommunications,Skill level 2,1438.66,0,0
Victoria,Information Media and telecommunications,Skill level 3,0,0,0
Victoria,Information Media and telecommunications,Skill level 4,1300.929,0,0
Victoria,Information Media and telecommunications,Skill level 5,0,0,0
Victoria,Financial and insurance services,Full-time,1825.635,2201.916,1476.43
Victoria,Financial and insurance services,Part-time,1000,1507.842,1000
Victoria,Financial and insurance services,Skill level 1,2253.676,2500,1750.689
Victoria,Financial and insurance services,Skill level 2,1893.814,2129.743,1552.748
Victoria,Financial and insurance services,Skill level 3,1425.091,1541.869,1292.482
Victoria,Financial and insurance services,Skill level 4,1212.171,1319.727,1166.285
Victoria,Financial and insurance services,Skill level 5,0,0,0
Victoria,"Rental, hiring and real estate services",Full-time,1382.93,1284.708,1439.6
Victoria,"Rental, hiring and real estate services",Part-time,787.264,0,522.121
Victoria,"Rental, hiring and real estate services",Skill level 1,1699.831,0,1791.335
Victoria,"Rental, hiring and real estate services",Skill level 2,1407.44,0,1290.563
Victoria,"Rental, hiring and real estate services",Skill level 3,1156.473,1177.598,1170.347
Victoria,"Rental, hiring and real estate services",Skill level 4,916.07,0,898.918
Victoria,"Rental, hiring and real estate services",Skill level 5,942.401,0,0
Victoria,"Professional, scientific and technical services",Full-time,1841,1998.394,1579.005
Victoria,"Professional, scientific and technical services",Part-time,826.639,885.599,825.726
Victoria,"Professional, scientific and technical services",Skill level 1,1917,2107.073,1711.849
Victoria,"Professional, scientific and technical services",Skill level 2,1370.723,1466.567,1307.965
Victoria,"Professional, scientific and technical services",Skill level 3,1202.897,1559.813,939.528
Victoria,"Professional, scientific and technical services",Skill level 4,1078.91,1125.112,1043.915
Victoria,"Professional, scientific and technical services",Skill level 5,1261,1814.878,0
Victoria,Administrative and support services,Full-time,1623.804,1501.358,1685.096
Victoria,Administrative and support services,Part-time,549.62,458.835,600
Victoria,Administrative and support services,Skill level 1,1731.4,0,1726.419
Victoria,Administrative and support services,Skill level 2,1855.114,0,1931.961
Victoria,Administrative and support services,Skill level 3,1099.104,1111.899,0
Victoria,Administrative and support services,Skill level 4,950,1064.353,920.271
Victoria,Administrative and support services,Skill level 5,580.688,577.755,586.328
Victoria,Public administration and safety,Full-time,1750,1931.852,1650
Victoria,Public administration and safety,Part-time,972.089,0,986.045
Victoria,Public administration and safety,Skill level 1,2000,2167.17,1847.999
Victoria,Public administration and safety,Skill level 2,1906.746,2004.557,1559.967
Victoria,Public administration and safety,Skill level 3,1382.042,1813.807,1312.248
Victoria,Public administration and safety,Skill level 4,1400,1459.15,1398.684
Victoria,Public administration and safety,Skill level 5,1183.988,1471.213,897.311
Victoria,Education and training,Full-time,1748.33,2012.511,1627.15
Victoria,Education and training,Part-time,750.818,750,754.682
Victoria,Education and training,Skill level 1,1534,1954.954,1457.306
Victoria,Education and training,Skill level 2,1630.576,0,1191.594
Victoria,Education and training,Skill level 3,1079.045,1904.827,932.262
Victoria,Education and training,Skill level 4,803.265,989.983,800
Victoria,Education and training,Skill level 5,618.601,0,0
Victoria,Health care and social assistance,Full-time,1651.093,1760,1580.518
Victoria,Health care and social assistance,Part-time,860.217,800,874.392
Victoria,Health care and social assistance,Skill level 1,1652.19,2005.181,1521.906
Victoria,Health care and social assistance,Skill level 2,1397.859,1512.867,1202.362
Victoria,Health care and social assistance,Skill level 3,900,1425.662,855.602
Victoria,Health care and social assistance,Skill level 4,900.659,937.315,900
Victoria,Health care and social assistance,Skill level 5,679.449,842.954,624.31
Victoria,Arts and recreation services,Full-time,1610,1706.508,1336.087
Victoria,Arts and recreation services,Part-time,546.102,334.237,581.012
Victoria,Arts and recreation services,Skill level 1,1686.324,1798.619,1677.324
Victoria,Arts and recreation services,Skill level 2,835.748,0,0
Victoria,Arts and recreation services,Skill level 3,1169.864,1256.942,0
Victoria,Arts and recreation services,Skill level 4,950.268,1225.119,852.985
Victoria,Arts and recreation services,Skill level 5,554.195,0,424.391
Queensland,"Agriculture, forestry and fishing",Full-time,1424.255,1500,1387.088
Queensland,"Agriculture, forestry and fishing",Part-time,671.313,554.06,0
Queensland,"Agriculture, forestry and fishing",Skill level 1,1547.639,1536.32,0
Queensland,"Agriculture, forestry and fishing",Skill level 2,0,0,0
Queensland,"Agriculture, forestry and fishing",Skill level 3,0,0,0
Queensland,"Agriculture, forestry and fishing",Skill level 4,1216.205,1234.927,0
Queensland,"Agriculture, forestry and fishing",Skill level 5,921.452,617.573,1210.64
Queensland,Mining,Full-time,2211.501,2430.68,1531.984
Queensland,Mining,Part-time,1221.712,0,0
Queensland,Mining,Skill level 1,2744.128,2864.252,2292.518
Queensland,Mining,Skill level 2,3150.622,3223.733,0
Queensland,Mining,Skill level 3,2577.843,2999.719,0
Queensland,Mining,Skill level 4,2000,2011.743,1480.795
Queensland,Mining,Skill level 5,0,0,0
Queensland,Manufacturing,Full-time,1547.057,1575.741,1483.164
Queensland,Manufacturing,Part-time,603.134,341.784,704.164
Queensland,Manufacturing,Skill level 1,1914.257,1959.378,1775.93
Queensland,Manufacturing,Skill level 2,1508.838,1522.197,1506.926
Queensland,Manufacturing,Skill level 3,1539.659,1590.172,0
Queensland,Manufacturing,Skill level 4,1564.824,1620.12,1493.214
Queensland,Manufacturing,Skill level 5,1159.028,1194.181,1138.483
Queensland,"Electricity, gas, water and waste services",Full-time,1999.732,2000,1898.202
Queensland,"Electricity, gas, water and waste services",Part-time,0,0,0
Queensland,"Electricity, gas, water and waste services",Skill level 1,2611.748,3023.024,2510.58
Queensland,"Electricity, gas, water and waste services",Skill level 2,0,0,0
Queensland,"Electricity, gas, water and waste services",Skill level 3,2508.777,2564.439,0
Queensland,"Electricity, gas, water and waste services",Skill level 4,1506.609,1457.544,0
Queensland,"Electricity, gas, water and waste services",Skill level 5,0,0,0
Queensland,Construction,Full-time,1500,1500,1173.139
Queensland,Construction,Part-time,745.35,1010.649,609.722
Queensland,Construction,Skill level 1,2080.495,2020.693,0
Queensland,Construction,Skill level 2,1901.88,1912.53,1599.073
Queensland,Construction,Skill level 3,1400,1406.226,0
Queensland,Construction,Skill level 4,1229.201,1464.406,869.262
Queensland,Construction,Skill level 5,1250,1250,0
Queensland,Wholesale trade,Full-time,1409.248,1568.705,1267.86
Queensland,Wholesale trade,Part-time,780.469,0,698.862
Queensland,Wholesale trade,Skill level 1,1985.578,2052.745,1398.02
Queensland,Wholesale trade,Skill level 2,1285.02,0,0
Queensland,Wholesale trade,Skill level 3,1467.551,0,0
Queensland,Wholesale trade,Skill level 4,1244.442,1257.55,1177.997
Queensland,Wholesale trade,Skill level 5,1040.83,1035.514,1000.82
Queensland,Retail trade,Full-time,1145.005,1248.223,1086.564
Queensland,Retail trade,Part-time,463.526,384.025,500
Queensland,Retail trade,Skill level 1,1742.009,2716.36,1617.943
Queensland,Retail trade,Skill level 2,1300,1405.184,759.642
Queensland,Retail trade,Skill level 3,1124.267,1243.342,922.297
Queensland,Retail trade,Skill level 4,1077.198,1000,1102.519
Queensland,Retail trade,Skill level 5,535.02,500,600
Queensland,Accommodation and food services,Full-time,1150,1232.948,1099.337
Queensland,Accommodation and food services,Part-time,350,327.892,351.714
Queensland,Accommodation and food services,Skill level 1,0,0,0
Queensland,Accommodation and food services,Skill level 2,1239.458,1333.753,1117.979
Queensland,Accommodation and food services,Skill level 3,1068.395,0,0
Queensland,Accommodation and food services,Skill level 4,600,673.828,481.763
Queensland,Accommodation and food services,Skill level 5,320.495,242.92,361.604
Queensland,"Transport, postal and warehousing",Full-time,1677.471,1992.524,1378.304
Queensland,"Transport, postal and warehousing",Part-time,705.609,712.921,700
Queensland,"Transport, postal and warehousing",Skill level 1,2502.17,2524.484,2069.967
Queensland,"Transport, postal and warehousing",Skill level 2,2031.667,0,0
Queensland,"Transport, postal and warehousing",Skill level 3,1493.483,1877.542,1393.558
Queensland,"Transport, postal and warehousing",Skill level 4,1297.328,1302.999,1162.79
Queensland,"Transport, postal and warehousing",Skill level 5,1235.603,1415.099,1122.442
Queensland,Information Media and telecommunications,Full-time,1718.879,1812.704,0
Queensland,Information Media and telecommunications,Part-time,457.922,334.397,0
Queensland,Information Media and telecommunications,Skill level 1,2564.619,0,0
Queensland,Information Media and telecommunications,Skill level 2,0,0,0
Queensland,Information Media and telecommunications,Skill level 3,0,0,0
Queensland,Information Media and telecommunications,Skill level 4,625.362,0,0
Queensland,Information Media and telecommunications,Skill level 5,0,0,0
Queensland,Financial and insurance services,Full-time,1532.577,1595.583,1488.775
Queensland,Financial and insurance services,Part-time,720.544,0,754.727
Queensland,Financial and insurance services,Skill level 1,1880.587,2048.93,1700
Queensland,Financial and insurance services,Skill level 2,1629.098,0,1611.235
Queensland,Financial and insurance services,Skill level 3,1294.59,1368.383,1255.022
Queensland,Financial and insurance services,Skill level 4,1238.508,1249.766,1205.484
Queensland,Financial and insurance services,Skill level 5,0,0,0
Queensland,"Rental, hiring and real estate services",Full-time,1300,1506.855,1209.791
Queensland,"Rental, hiring and real estate services",Part-time,755.821,0,0
Queensland,"Rental, hiring and real estate services",Skill level 1,0,0,0
Queensland,"Rental, hiring and real estate services",Skill level 2,1297.161,0,1275.748
Queensland,"Rental, hiring and real estate services",Skill level 3,1095.967,1202.839,1107.232
Queensland,"Rental, hiring and real estate services",Skill level 4,1035.388,0,1036.343
Queensland,"Rental, hiring and real estate services",Skill level 5,0,0,0
Queensland,"Professional, scientific and technical services",Full-time,1913.377,2307.545,1500
Queensland,"Professional, scientific and technical services",Part-time,739.375,569.938,862.139
Queensland,"Professional, scientific and technical services",Skill level 1,2078.196,2304.337,1833.833
Queensland,"Professional, scientific and technical services",Skill level 2,1305.063,1838.926,1246.674
Queensland,"Professional, scientific and technical services",Skill level 3,1000,992.398,1000
Queensland,"Professional, scientific and technical services",Skill level 4,1268.656,0,1220.97
Queensland,"Professional, scientific and technical services",Skill level 5,0,0,0
Queensland,Administrative and support services,Full-time,1270.208,1303.305,1249.039
Queensland,Administrative and support services,Part-time,597.935,579.365,612.316
Queensland,Administrative and support services,Skill level 1,1458.325,1658.222,1384.868
Queensland,Administrative and support services,Skill level 2,1620.628,0,0
Queensland,Administrative and support services,Skill level 3,755.108,0,0
Queensland,Administrative and support services,Skill level 4,1221.468,0,1143.854
Queensland,Administrative and support services,Skill level 5,993.124,1099.482,880.281
Queensland,Public administration and safety,Full-time,1701.402,1800,1600
Queensland,Public administration and safety,Part-time,1022.678,997.398,1049.032
Queensland,Public administration and safety,Skill level 1,1839.756,2246.764,1754.519
Queensland,Public administration and safety,Skill level 2,1719.611,1737.347,1676.441
Queensland,Public administration and safety,Skill level 3,1691.65,1907.078,0
Queensland,Public administration and safety,Skill level 4,1341.718,1529.588,1249.459
Queensland,Public administration and safety,Skill level 5,1485.462,1556.451,1383.175
Queensland,Education and training,Full-time,1900,1943.344,1761.474
Queensland,Education and training,Part-time,900,1151.965,898.105
Queensland,Education and training,Skill level 1,1843.546,1942.245,1750
Queensland,Education and training,Skill level 2,1187.104,0,1158.527
Queensland,Education and training,Skill level 3,948.336,1043.752,861.01
Queensland,Education and training,Skill level 4,800,755.384,801.339
Queensland,Education and training,Skill level 5,554.247,0,562.964
Queensland,Health care and social assistance,Full-time,1557.121,1986.986,1500
Queensland,Health care and social assistance,Part-time,972.874,1037.429,959.021
Queensland,Health care and social assistance,Skill level 1,1757.69,2533.151,1612.801
Queensland,Health care and social assistance,Skill level 2,1199.911,1385.012,1151.012
Queensland,Health care and social assistance,Skill level 3,1000,0,1000
Queensland,Health care and social assistance,Skill level 4,935.497,1387.887,867.019
Queensland,Health care and social assistance,Skill level 5,950,1043.356,950
Queensland,Arts and recreation services,Full-time,1184.014,1322.39,1124.132
Queensland,Arts and recreation services,Part-time,559.075,482.418,716.936
Queensland,Arts and recreation services,Skill level 1,0,0,0
Queensland,Arts and recreation services,Skill level 2,0,0,0
Queensland,Arts and recreation services,Skill level 3,691.628,0,0
Queensland,Arts and recreation services,Skill level 4,700,0,0
Queensland,Arts and recreation services,Skill level 5,0,0,0
South Australia,"Agriculture, forestry and fishing",Full-time,1200,1100,1296.555
South Australia,"Agriculture, forestry and fishing",Part-time,434.74,0,759.361
South Australia,"Agriculture, forestry and fishing",Skill level 1,1178.728,880.528,1974.546
South Australia,"Agriculture, forestry and fishing",Skill level 2,0,0,0
South Australia,"Agriculture, forestry and fishing",Skill level 3,0,0,0
South Australia,"Agriculture, forestry and fishing",Skill level 4,1197.049,0,0
South Australia,"Agriculture, forestry and fishing",Skill level 5,1000,1000,833.387
South Australia,Mining,Full-time,1981.37,2331.817,1474.738
South Australia,Mining,Part-time,0,0,0
South Australia,Mining,Skill level 1,2456.347,2794.577,0
South Australia,Mining,Skill level 2,0,0,0
South Australia,Mining,Skill level 3,3367.704,3559.923,0
South Australia,Mining,Skill level 4,1722.151,1831.695,0
South Australia,Mining,Skill level 5,0,0,0
South Australia,Manufacturing,Full-time,1400.25,1441.767,1309.183
South Australia,Manufacturing,Part-time,645.062,670.725,641.448
South Australia,Manufacturing,Skill level 1,1604.319,1841,1481.596
South Australia,Manufacturing,Skill level 2,1385.502,2012.346,0
South Australia,Manufacturing,Skill level 3,1365.094,1368.694,0
South Australia,Manufacturing,Skill level 4,1115.379,1256.663,915.192
South Australia,Manufacturing,Skill level 5,1000,1200,664.348
South Australia,"Electricity, gas, water and waste services",Full-time,1822.823,1929.857,1453.553
South Australia,"Electricity, gas, water and waste services",Part-time,1001.085,0,1320.978
South Australia,"Electricity, gas, water and waste services",Skill level 1,2241.734,3164.434,1720.029
South Australia,"Electricity, gas, water and waste services",Skill level 2,0,0,0
South Australia,"Electricity, gas, water and waste services",Skill level 3,1944.023,1944.023,0
South Australia,"Electricity, gas, water and waste services",Skill level 4,1276.86,1113.891,0
South Australia,"Electricity, gas, water and waste services",Skill level 5,0,0,0
South Australia,Construction,Full-time,1400,1400,1284.594
South Australia,Construction,Part-time,677.484,450.989,759.673
South Australia,Construction,Skill level 1,1895.412,1898.344,0
South Australia,Construction,Skill level 2,1875.805,1837.893,0
South Australia,Construction,Skill level 3,1136.36,1129.111,0
South Australia,Construction,Skill level 4,1273.732,1472.846,930.928
South Australia,Construction,Skill level 5,1095.606,1090.086,0
South Australia,Wholesale trade,Full-time,1453.695,1447.034,1463.178
South Australia,Wholesale trade,Part-time,702.106,0,0
South Australia,Wholesale trade,Skill level 1,1916.537,2189.553,1542.52
South Australia,Wholesale trade,Skill level 2,0,0,0
South Australia,Wholesale trade,Skill level 3,0,0,0
South Australia,Wholesale trade,Skill level 4,1205.188,1229.003,1128.576
South Australia,Wholesale trade,Skill level 5,861.174,1119.033,0
South Australia,Retail trade,Full-time,1152.333,1297.205,1103.257
South Australia,Retail trade,Part-time,462.57,450.523,477.373
South Australia,Retail trade,Skill level 1,1802.001,1813.273,1362.184
South Australia,Retail trade,Skill level 2,1203.437,1304.89,1164.082
South Australia,Retail trade,Skill level 3,955.722,999.664,480
South Australia,Retail trade,Skill level 4,966.16,1045.733,948.205
South Australia,Retail trade,Skill level 5,501.856,600,484.066
South Australia,Accommodation and food services,Full-time,1057.13,985.564,1233.876
South Australia,Accommodation and food services,Part-time,400,432.305,380.18
South Australia,Accommodation and food services,Skill level 1,0,0,0
South Australia,Accommodation and food services,Skill level 2,1141.983,973.968,1201.934
South Australia,Accommodation and food services,Skill level 3,800,0,0
South Australia,Accommodation and food services,Skill level 4,692.893,626.108,703.219
South Australia,Accommodation and food services,Skill level 5,240.562,252.957,236.476
South Australia,"Transport, postal and warehousing",Full-time,1388,1400,1287.298
South Australia,"Transport, postal and warehousing",Part-time,801.616,764.006,0
South Australia,"Transport, postal and warehousing",Skill level 1,0,0,0
South Australia,"Transport, postal and warehousing",Skill level 2,0,0,0
South Australia,"Transport, postal and warehousing",Skill level 3,1559.588,0,0
South Australia,"Transport, postal and warehousing",Skill level 4,1225.384,1213.9,0
South Australia,"Transport, postal and warehousing",Skill level 5,1200,1200,0
South Australia,Information Media and telecommunications,Full-time,1951.22,1784.228,0
South Australia,Information Media and telecommunications,Part-time,642.002,0,0
South Australia,Information Media and telecommunications,Skill level 1,1845.882,2080.569,0
South Australia,Information Media and telecommunications,Skill level 2,0,0,0
South Australia,Information Media and telecommunications,Skill level 3,0,0,0
South Australia,Information Media and telecommunications,Skill level 4,0,0,0
South Australia,Information Media and telecommunications,Skill level 5,0,0,0
South Australia,Financial and insurance services,Full-time,1708.327,2267.752,1665
South Australia,Financial and insurance services,Part-time,1044.507,0,1054.221
South Australia,Financial and insurance services,Skill level 1,1959.519,2369.546,1689.477
South Australia,Financial and insurance services,Skill level 2,1731.685,2563.131,1643.724
South Australia,Financial and insurance services,Skill level 3,1212.985,0,1209.262
South Australia,Financial and insurance services,Skill level 4,1253.432,0,1261.573
South Australia,Financial and insurance services,Skill level 5,0,0,0
South Australia,"Rental, hiring and real estate services",Full-time,1568.707,1647.841,1193.249
South Australia,"Rental, hiring and real estate services",Part-time,0,0,0
South Australia,"Rental, hiring and real estate services",Skill level 1,0,0,0
South Australia,"Rental, hiring and real estate services",Skill level 2,965.648,0,0
South Australia,"Rental, hiring and real estate services",Skill level 3,1215.893,0,0
South Australia,"Rental, hiring and real estate services",Skill level 4,0,0,0
South Australia,"Rental, hiring and real estate services",Skill level 5,0,0,0
South Australia,"Professional, scientific and technical services",Full-time,1746.526,2000,1500.519
South Australia,"Professional, scientific and technical services",Part-time,669.308,1056.582,621.789
South Australia,"Professional, scientific and technical services",Skill level 1,1826.306,2000.886,1756.423
South Australia,"Professional, scientific and technical services",Skill level 2,1430.589,0,1323.604
South Australia,"Professional, scientific and technical services",Skill level 3,1126.371,0,0
South Australia,"Professional, scientific and technical services",Skill level 4,1173.741,0,1027.084
South Australia,"Professional, scientific and technical services",Skill level 5,0,0,0
South Australia,Administrative and support services,Full-time,1200,1506.316,1138.819
South Australia,Administrative and support services,Part-time,546.495,543.681,628.264
South Australia,Administrative and support services,Skill level 1,1221.403,0,1129.297
South Australia,Administrative and support services,Skill level 2,0,0,0
South Australia,Administrative and support services,Skill level 3,0,0,0
South Australia,Administrative and support services,Skill level 4,998.753,0,0
South Australia,Administrative and support services,Skill level 5,713.609,730.771,670.11
South Australia,Public administration and safety,Full-time,1778.759,2000,1650
South Australia,Public administration and safety,Part-time,938.589,739.103,1006.267
South Australia,Public administration and safety,Skill level 1,1919.286,2210.739,1648.914
South Australia,Public administration and safety,Skill level 2,1968.816,1922.462,1972.996
South Australia,Public administration and safety,Skill level 3,2040.169,2154.131,0
South Australia,Public administration and safety,Skill level 4,1235.712,1221.38,1226.218
South Australia,Public administration and safety,Skill level 5,1334.278,0,0
South Australia,Education and training,Full-time,1774.203,1900,1699.373
South Australia,Education and training,Part-time,835.39,926.7,824.24
South Australia,Education and training,Skill level 1,1549.723,1829.882,1412.19
South Australia,Education and training,Skill level 2,1728.076,0,0
South Australia,Education and training,Skill level 3,848.647,0,758.935
South Australia,Education and training,Skill level 4,900,1009.517,873.089
South Australia,Education and training,Skill level 5,915.243,0,0
South Australia,Health care and social assistance,Full-time,1447.988,1448.456,1440.607
South Australia,Health care and social assistance,Part-time,804.007,991.74,800
South Australia,Health care and social assistance,Skill level 1,1496.982,1742.179,1432.27
South Australia,Health care and social assistance,Skill level 2,1155.28,1328.08,1078.633
South Australia,Health care and social assistance,Skill level 3,800,0,800
South Australia,Health care and social assistance,Skill level 4,900,1011.187,867.55
South Australia,Health care and social assistance,Skill level 5,797.559,1160.034,720.801
South Australia,Arts and recreation services,Full-time,1034.026,0,1268.368
South Australia,Arts and recreation services,Part-time,583.872,591.649,330
South Australia,Arts and recreation services,Skill level 1,1163.911,0,1240.962
South Australia,Arts and recreation services,Skill level 2,0,0,0
South Australia,Arts and recreation services,Skill level 3,784.564,0,0
South Australia,Arts and recreation services,Skill level 4,478.229,596.248,0
South Australia,Arts and recreation services,Skill level 5,0,0,0
Western Australia,"Agriculture, forestry and fishing",Full-time,1323.688,1000,1945.362
Western Australia,"Agriculture, forestry and fishing",Part-time,0,0,0
Western Australia,"Agriculture, forestry and fishing",Skill level 1,0,0,0
Western Australia,"Agriculture, forestry and fishing",Skill level 2,0,0,0
Western Australia,"Agriculture, forestry and fishing",Skill level 3,0,0,0
Western Australia,"Agriculture, forestry and fishing",Skill level 4,0,0,0
Western Australia,"Agriculture, forestry and fishing",Skill level 5,0,0,0
Western Australia,Mining,Full-time,2500,2704.18,1901.309
Western Australia,Mining,Part-time,1328.092,1986.596,1153.726
Western Australia,Mining,Skill level 1,3221,3356.164,1977.078
Western Australia,Mining,Skill level 2,2301,2665.298,1488.184
Western Australia,Mining,Skill level 3,2436.312,2490.786,0
Western Australia,Mining,Skill level 4,2308.404,2522.252,1899.431
Western Australia,Mining,Skill level 5,1917.273,2786.834,1571.837
Western Australia,Manufacturing,Full-time,1637.331,1683.14,1562.237
Western Australia,Manufacturing,Part-time,617.322,569.925,622.073
Western Australia,Manufacturing,Skill level 1,2293.019,2494.843,2126.719
Western Australia,Manufacturing,Skill level 2,1870.18,1993.815,0
Western Australia,Manufacturing,Skill level 3,1500,1511.352,1285.661
Western Australia,Manufacturing,Skill level 4,1300,1299.985,1322.531
Western Australia,Manufacturing,Skill level 5,1039.989,1077,763.25
Western Australia,"Electricity, gas, water and waste services",Full-time,1900.39,2013.031,1664.061
Western Australia,"Electricity, gas, water and waste services",Part-time,0,0,0
Western Australia,"Electricity, gas, water and waste services",Skill level 1,2049.14,0,1846.513
Western Australia,"Electricity, gas, water and waste services",Skill level 2,0,0,0
Western Australia,"Electricity, gas, water and waste services",Skill level 3,0,0,0
Western Australia,"Electricity, gas, water and waste services",Skill level 4,0,0,0
Western Australia,"Electricity, gas, water and waste services",Skill level 5,0,0,0
Western Australia,Construction,Full-time,1737.329,1788.806,1531.713
Western Australia,Construction,Part-time,745.264,776.595,0
Western Australia,Construction,Skill level 1,2500.751,2591.931,0
Western Australia,Construction,Skill level 2,1951.247,1960.879,0
Western Australia,Construction,Skill level 3,1495.65,1487.426,0
Western Australia,Construction,Skill level 4,1572,1851.029,1268.901
Western Australia,Construction,Skill level 5,1443.874,1443.874,0
Western Australia,Wholesale trade,Full-time,1393.279,1605.121,1069.845
Western Australia,Wholesale trade,Part-time,550.463,453.22,552.331
Western Australia,Wholesale trade,Skill level 1,2143.463,2261.507,0
Western Australia,Wholesale trade,Skill level 2,0,0,0
Western Australia,Wholesale trade,Skill level 3,0,0,0
Western Australia,Wholesale trade,Skill level 4,1102.676,1190.781,1000
Western Australia,Wholesale trade,Skill level 5,1006.297,0,0
Western Australia,Retail trade,Full-time,1200,1450.718,1054
Western Australia,Retail trade,Part-time,487.243,386.02,503.743
Western Australia,Retail trade,Skill level 1,1646.136,1899.788,0
Western Australia,Retail trade,Skill level 2,1201.992,1534.921,1188.057
Western Australia,Retail trade,Skill level 3,1490.419,1355.821,0
Western Australia,Retail trade,Skill level 4,924.149,1157.061,783.746
Western Australia,Retail trade,Skill level 5,550,534.619,550
Western Australia,Accommodation and food services,Full-time,1137.41,1182.665,1107.84
Western Australia,Accommodation and food services,Part-time,406.895,386.251,424.676
Western Australia,Accommodation and food services,Skill level 1,867.7,876.33,0
Western Australia,Accommodation and food services,Skill level 2,1100,1000,1107.895
Western Australia,Accommodation and food services,Skill level 3,637.532,0,0
Western Australia,Accommodation and food services,Skill level 4,589.704,645.451,561.656
Western Australia,Accommodation and food services,Skill level 5,354.369,344.818,364.611
Western Australia,"Transport, postal and warehousing",Full-time,1500,1522.069,1285.224
Western Australia,"Transport, postal and warehousing",Part-time,787.373,704.838,903.621
Western Australia,"Transport, postal and warehousing",Skill level 1,2136.896,0,0
Western Australia,"Transport, postal and warehousing",Skill level 2,0,0,0
Western Australia,"Transport, postal and warehousing",Skill level 3,1500,0,0
Western Australia,"Transport, postal and warehousing",Skill level 4,1331.04,1408.526,969.726
Western Australia,"Transport, postal and warehousing",Skill level 5,1200,1371.466,1200
Western Australia,Information Media and telecommunications,Full-time,1752.25,1989.634,0
Western Australia,Information Media and telecommunications,Part-time,0,0,0
Western Australia,Information Media and telecommunications,Skill level 1,1999.145,2017.6,0
Western Australia,Information Media and telecommunications,Skill level 2,0,0,0
Western Australia,Information Media and telecommunications,Skill level 3,1817.956,0,0
Western Australia,Information Media and telecommunications,Skill level 4,0,0,0
Western Australia,Information Media and telecommunications,Skill level 5,0,0,0
Western Australia,Financial and insurance services,Full-time,1975.579,2012.066,1906.574
Western Australia,Financial and insurance services,Part-time,768.702,0,722.357
Western Australia,Financial and insurance services,Skill level 1,1971.872,2177.695,1863.511
Western Australia,Financial and insurance services,Skill level 2,0,0,0
Western Australia,Financial and insurance services,Skill level 3,1772.613,2386.678,954.771
Western Australia,Financial and insurance services,Skill level 4,0,0,0
Western Australia,Financial and insurance services,Skill level 5,0,0,0
Western Australia,"Rental, hiring and real estate services",Full-time,1443.241,1616.725,1235.555
Western Australia,"Rental, hiring and real estate services",Part-time,439.585,0,447.575
Western Australia,"Rental, hiring and real estate services",Skill level 1,0,2518.816,0
Western Australia,"Rental, hiring and real estate services",Skill level 2,1313.173,0,0
Western Australia,"Rental, hiring and real estate services",Skill level 3,1062.691,0,0
Western Australia,"Rental, hiring and real estate services",Skill level 4,1308.672,0,0
Western Australia,"Rental, hiring and real estate services",Skill level 5,0,0,0
Western Australia,"Professional, scientific and technical services",Full-time,1913.416,2000,1819.055
Western Australia,"Professional, scientific and technical services",Part-time,736.646,1138.295,715.388
Western Australia,"Professional, scientific and technical services",Skill level 1,2056.469,2185.438,1845.785
Western Australia,"Professional, scientific and technical services",Skill level 2,1330.409,1474.653,942.077
Western Australia,"Professional, scientific and technical services",Skill level 3,1238.708,0,707.778
Western Australia,"Professional, scientific and technical services",Skill level 4,1412.553,0,1339.281
Western Australia,"Professional, scientific and technical services",Skill level 5,0,0,0
Western Australia,Administrative and support services,Full-time,1589.077,1700,1532.472
Western Australia,Administrative and support services,Part-time,504.952,0,558.33
Western Australia,Administrative and support services,Skill level 1,1796.49,0,1792.341
Western Australia,Administrative and support services,Skill level 2,1268.985,0,0
Western Australia,Administrative and support services,Skill level 3,1944.891,0,0
Western Australia,Administrative and support services,Skill level 4,1177.553,0,0
Western Australia,Administrative and support services,Skill level 5,529.779,825.977,423.012
Western Australia,Public administration and safety,Full-time,1755.95,1760.932,1750.581
Western Australia,Public administration and safety,Part-time,861.874,774.654,862.91
Western Australia,Public administration and safety,Skill level 1,2017.06,1979.947,2147.584
Western Australia,Public administration and safety,Skill level 2,1852.261,2145.467,1726.784
Western Australia,Public administration and safety,Skill level 3,1365.088,0,0
Western Australia,Public administration and safety,Skill level 4,1500,1707.867,1440.174
Western Australia,Public administration and safety,Skill level 5,1298.031,1307.033,0
Western Australia,Education and training,Full-time,1549.137,1607.78,1504.224
Western Australia,Education and training,Part-time,812.933,719.81,831.556
Western Australia,Education and training,Skill level 1,1591.083,1739.229,1500
Western Australia,Education and training,Skill level 2,974.92,0,0
Western Australia,Education and training,Skill level 3,938.101,0,864.406
Western Australia,Education and training,Skill level 4,900,0,926.605
Western Australia,Education and training,Skill level 5,0,0,0
Western Australia,Health care and social assistance,Full-time,1500,1743,1400.744
Western Australia,Health care and social assistance,Part-time,800,749.331,800
Western Australia,Health care and social assistance,Skill level 1,1552.961,2000,1500
Western Australia,Health care and social assistance,Skill level 2,1250,1656.11,1247.953
Western Australia,Health care and social assistance,Skill level 3,827,0,812.437
Western Australia,Health care and social assistance,Skill level 4,984.473,1094.18,900
Western Australia,Health care and social assistance,Skill level 5,897.767,0,905.182
Western Australia,Arts and recreation services,Full-time,1671.205,1922.309,1342.387
Western Australia,Arts and recreation services,Part-time,555.022,477.994,663.817
Western Australia,Arts and recreation services,Skill level 1,1704.791,1970.65,1257.159
Western Australia,Arts and recreation services,Skill level 2,977.789,0,0
Western Australia,Arts and recreation services,Skill level 3,316.49,279.07,319.611
Western Australia,Arts and recreation services,Skill level 4,650.051,587.302,0
Western Australia,Arts and recreation services,Skill level 5,741.722,0,0
Tasmania,"Agriculture, forestry and fishing",Full-time,1346.549,1344.812,0
Tasmania,"Agriculture, forestry and fishing",Part-time,602.041,557.009,0
Tasmania,"Agriculture, forestry and fishing",Skill level 1,1291.214,1313.67,0
Tasmania,"Agriculture, forestry and fishing",Skill level 2,0,0,0
Tasmania,"Agriculture, forestry and fishing",Skill level 3,0,0,0
Tasmania,"Agriculture, forestry and fishing",Skill level 4,1795.868,0,0
Tasmania,"Agriculture, forestry and fishing",Skill level 5,948.978,1004.314,0
Tasmania,Mining,Full-time,2225.083,2193.872,0
Tasmania,Mining,Part-time,0,0,0
Tasmania,Mining,Skill level 1,0,0,0
Tasmania,Mining,Skill level 2,0,0,0
Tasmania,Mining,Skill level 3,0,0,0
Tasmania,Mining,Skill level 4,1404.002,1404.002,0
Tasmania,Mining,Skill level 5,2035.191,2035.191,0
Tasmania,Manufacturing,Full-time,1463.213,1499.313,1276.728
Tasmania,Manufacturing,Part-time,697.656,731.114,685.15
Tasmania,Manufacturing,Skill level 1,2023.772,1988.08,2074.096
Tasmania,Manufacturing,Skill level 2,1589.492,2032.633,0
Tasmania,Manufacturing,Skill level 3,1437.572,1605.034,0
Tasmania,Manufacturing,Skill level 4,1249.104,1278.613,964.46
Tasmania,Manufacturing,Skill level 5,938.876,1188.233,734.11
Tasmania,"Electricity, gas, water and waste services",Full-time,1791.3,2298.171,1504.143
Tasmania,"Electricity, gas, water and waste services",Part-time,0,0,0
Tasmania,"Electricity, gas, water and waste services",Skill level 1,2101.626,2533,0
Tasmania,"Electricity, gas, water and waste services",Skill level 2,2231.454,2325.078,0
Tasmania,"Electricity, gas, water and waste services",Skill level 3,0,0,0
Tasmania,"Electricity, gas, water and waste services",Skill level 4,0,1396.985,0
Tasmania,"Electricity, gas, water and waste services",Skill level 5,0,0,0
Tasmania,Construction,Full-time,1273.359,1333.418,1022.932
Tasmania,Construction,Part-time,576.271,335.138,0
Tasmania,Construction,Skill level 1,2109.548,2109.548,0
Tasmania,Construction,Skill level 2,1541.529,0,0
Tasmania,Construction,Skill level 3,1241.728,1211.497,0
Tasmania,Construction,Skill level 4,1171.004,1424.496,888.308
Tasmania,Construction,Skill level 5,1033.538,1162.144,0
Tasmania,Wholesale trade,Full-time,1359.897,1300,0
Tasmania,Wholesale trade,Part-time,0,0,0
Tasmania,Wholesale trade,Skill level 1,1934.986,0,0
Tasmania,Wholesale trade,Skill level 2,0,0,0
Tasmania,Wholesale trade,Skill level 3,0,0,0
Tasmania,Wholesale trade,Skill level 4,1200.983,0,0
Tasmania,Wholesale trade,Skill level 5,0,0,0
Tasmania,Retail trade,Full-time,1152.346,1098.866,1191.39
Tasmania,Retail trade,Part-time,409.385,384,468.714
Tasmania,Retail trade,Skill level 1,1493.978,1990.977,1263.742
Tasmania,Retail trade,Skill level 2,1207.99,0,0
Tasmania,Retail trade,Skill level 3,872.708,0,0
Tasmania,Retail trade,Skill level 4,1062.061,1054.516,0
Tasmania,Retail trade,Skill level 5,584.406,740.885,550
Tasmania,Accommodation and food services,Full-time,1152.054,1178.25,1070.83
Tasmania,Accommodation and food services,Part-time,406.048,407.7,407.08
Tasmania,Accommodation and food services,Skill level 1,0,0,0
Tasmania,Accommodation and food services,Skill level 2,1100,1117.064,1081.525
Tasmania,Accommodation and food services,Skill level 3,0,0,0
Tasmania,Accommodation and food services,Skill level 4,666.877,1007.441,577.131
Tasmania,Accommodation and food services,Skill level 5,266.071,240,293.677
Tasmania,"Transport, postal and warehousing",Full-time,1450,1450,1379.092
Tasmania,"Transport, postal and warehousing",Part-time,588.078,515.123,627.472
Tasmania,"Transport, postal and warehousing",Skill level 1,1547.144,0,0
Tasmania,"Transport, postal and warehousing",Skill level 2,0,0,0
Tasmania,"Transport, postal and warehousing",Skill level 3,0,0,0
Tasmania,"Transport, postal and warehousing",Skill level 4,1227.05,1256.525,0
Tasmania,"Transport, postal and warehousing",Skill level 5,1251.82,1248.075,0
Tasmania,Information Media and telecommunications,Full-time,1674.216,1801.761,0
Tasmania,Information Media and telecommunications,Part-time,0,0,0
Tasmania,Information Media and telecommunications,Skill level 1,1735.899,1862.269,0
Tasmania,Information Media and telecommunications,Skill level 2,0,0,0
Tasmania,Information Media and telecommunications,Skill level 3,0,0,0
Tasmania,Information Media and telecommunications,Skill level 4,0,0,0
Tasmania,Information Media and telecommunications,Skill level 5,0,0,0
Tasmania,Financial and insurance services,Full-time,1913.779,2046.85,1816.75
Tasmania,Financial and insurance services,Part-time,0,0,695.519
Tasmania,Financial and insurance services,Skill level 1,1717.481,2093.367,0
Tasmania,Financial and insurance services,Skill level 2,2099.679,0,2097.759
Tasmania,Financial and insurance services,Skill level 3,1020.438,0,0
Tasmania,Financial and insurance services,Skill level 4,0,0,0
Tasmania,Financial and insurance services,Skill level 5,0,0,0
Tasmania,"Rental, hiring and real estate services",Full-time,1293.86,0,1209.437
Tasmania,"Rental, hiring and real estate services",Part-time,0,0,0
Tasmania,"Rental, hiring and real estate services",Skill level 1,0,0,0
Tasmania,"Rental, hiring and real estate services",Skill level 2,0,0,0
Tasmania,"Rental, hiring and real estate services",Skill level 3,1611.341,0,1609.433
Tasmania,"Rental, hiring and real estate services",Skill level 4,1088.852,0,1088.852
Tasmania,"Rental, hiring and real estate services",Skill level 5,0,0,0
Tasmania,"Professional, scientific and technical services",Full-time,1704.906,1868.128,1533.736
Tasmania,"Professional, scientific and technical services",Part-time,1038.746,0,1050
Tasmania,"Professional, scientific and technical services",Skill level 1,1605.325,1748.391,1457.618
Tasmania,"Professional, scientific and technical services",Skill level 2,1563.467,1856.47,1323.088
Tasmania,"Professional, scientific and technical services",Skill level 3,0,0,0
Tasmania,"Professional, scientific and technical services",Skill level 4,0,0,864.119
Tasmania,"Professional, scientific and technical services",Skill level 5,0,0,0
Tasmania,Administrative and support services,Full-time,1154.373,1165.807,1096.696
Tasmania,Administrative and support services,Part-time,542.441,618.481,506.772
Tasmania,Administrative and support services,Skill level 1,981.562,0,0
Tasmania,Administrative and support services,Skill level 2,0,0,0
Tasmania,Administrative and support services,Skill level 3,0,0,0
Tasmania,Administrative and support services,Skill level 4,1120.281,0,891.413
Tasmania,Administrative and support services,Skill level 5,643.453,0,622.462
Tasmania,Public administration and safety,Full-time,1745.843,1750,1733.643
Tasmania,Public administration and safety,Part-time,897.159,0,988.794
Tasmania,Public administration and safety,Skill level 1,1737.813,1849.812,1690.564
Tasmania,Public administration and safety,Skill level 2,1750,1816.325,1744.394
Tasmania,Public administration and safety,Skill level 3,1666.278,1532.275,0
Tasmania,Public administration and safety,Skill level 4,1116.022,1303.171,1050.647
Tasmania,Public administration and safety,Skill level 5,1070.363,0,432.663
Tasmania,Education and training,Full-time,1727.872,1783.395,1652.836
Tasmania,Education and training,Part-time,987.015,907.779,987.274
Tasmania,Education and training,Skill level 1,1650,1939.635,1492.02
Tasmania,Education and training,Skill level 2,0,0,0
Tasmania,Education and training,Skill level 3,1244.811,1283.8,0
Tasmania,Education and training,Skill level 4,986.024,878.934,1029.033
Tasmania,Education and training,Skill level 5,719.872,0,707.844
Tasmania,Health care and social assistance,Full-time,1637.221,1550.002,1654.251
Tasmania,Health care and social assistance,Part-time,1000,1060.089,974.548
Tasmania,Health care and social assistance,Skill level 1,1668.464,1784.776,1600
Tasmania,Health care and social assistance,Skill level 2,1243.115,1207.149,1279.889
Tasmania,Health care and social assistance,Skill level 3,914.204,0,805.507
Tasmania,Health care and social assistance,Skill level 4,1037.707,1252.411,1014.544
Tasmania,Health care and social assistance,Skill level 5,872.158,988.982,0
Tasmania,Arts and recreation services,Full-time,1700.99,0,0
Tasmania,Arts and recreation services,Part-time,600,0,640.97
Tasmania,Arts and recreation services,Skill level 1,1070.619,1862.967,0
Tasmania,Arts and recreation services,Skill level 2,0,0,0
Tasmania,Arts and recreation services,Skill level 3,0,0,0
Tasmania,Arts and recreation services,Skill level 4,0,0,0
Tasmania,Arts and recreation services,Skill level 5,0,0,0
Northern Territory,"Agriculture, forestry and fishing",Full-time,0,0,0
Northern Territory,"Agriculture, forestry and fishing",Part-time,0,0,0
Northern Territory,"Agriculture, forestry and fishing",Skill level 1,0,0,0
Northern Territory,"Agriculture, forestry and fishing",Skill level 2,0,0,0
Northern Territory,"Agriculture, forestry and fishing",Skill level 3,0,0,0
Northern Territory,"Agriculture, forestry and fishing",Skill level 4,0,0,0
Northern Territory,"Agriculture, forestry and fishing",Skill level 5,0,0,0
Northern Territory,Mining,Full-time,2749.734,2758.38,0
Northern Territory,Mining,Part-time,0,0,0
Northern Territory,Mining,Skill level 1,0,0,0
Northern Territory,Mining,Skill level 2,0,0,0
Northern Territory,Mining,Skill level 3,2802.861,2802.861,0
Northern Territory,Mining,Skill level 4,2760.697,2760.697,0
Northern Territory,Mining,Skill level 5,0,0,0
Northern Territory,Manufacturing,Full-time,1456.12,1775.328,1337.083
Northern Territory,Manufacturing,Part-time,0,516,0
Northern Territory,Manufacturing,Skill level 1,0,0,0
Northern Territory,Manufacturing,Skill level 2,0,0,0
Northern Territory,Manufacturing,Skill level 3,1399.352,1215.609,0
Northern Territory,Manufacturing,Skill level 4,0,0,0
Northern Territory,Manufacturing,Skill level 5,0,516,0
Northern Territory,"Electricity, gas, water and waste services",Full-time,2615.833,2613.373,0
Northern Territory,"Electricity, gas, water and waste services",Part-time,0,0,0
Northern Territory,"Electricity, gas, water and waste services",Skill level 1,2642.408,0,0
Northern Territory,"Electricity, gas, water and waste services",Skill level 2,0,0,0
Northern Territory,"Electricity, gas, water and waste services",Skill level 3,0,0,0
Northern Territory,"Electricity, gas, water and waste services",Skill level 4,0,0,0
Northern Territory,"Electricity, gas, water and waste services",Skill level 5,0,0,0
Northern Territory,Construction,Full-time,1592.31,1600,1325.013
Northern Territory,Construction,Part-time,0,0,0
Northern Territory,Construction,Skill level 1,2496.062,3128.358,0
Northern Territory,Construction,Skill level 2,0,0,0
Northern Territory,Construction,Skill level 3,1349.456,1396.436,0
Northern Territory,Construction,Skill level 4,1412.53,1728.969,0
Northern Territory,Construction,Skill level 5,1537.918,1537.918,0
Northern Territory,Wholesale trade,Full-time,1677.667,1714.056,0
Northern Territory,Wholesale trade,Part-time,0,0,0
Northern Territory,Wholesale trade,Skill level 1,0,0,0
Northern Territory,Wholesale trade,Skill level 2,0,0,0
Northern Territory,Wholesale trade,Skill level 3,0,0,0
Northern Territory,Wholesale trade,Skill level 4,1470.534,1781.711,0
Northern Territory,Wholesale trade,Skill level 5,0,0,0
Northern Territory,Retail trade,Full-time,1200,1227.022,1000
Northern Territory,Retail trade,Part-time,498.065,340.137,509.117
Northern Territory,Retail trade,Skill level 1,0,0,0
Northern Territory,Retail trade,Skill level 2,1639.538,0,0
Northern Territory,Retail trade,Skill level 3,1505.537,0,0
Northern Territory,Retail trade,Skill level 4,1199.042,0,0
Northern Territory,Retail trade,Skill level 5,600,793.961,600
Northern Territory,Accommodation and food services,Full-time,1196.717,1314.179,903.662
Northern Territory,Accommodation and food services,Part-time,521.508,377.089,575.09
Northern Territory,Accommodation and food services,Skill level 1,1660.637,0,0
Northern Territory,Accommodation and food services,Skill level 2,1176.47,1300,650.014
Northern Territory,Accommodation and food services,Skill level 3,0,0,900
Northern Territory,Accommodation and food services,Skill level 4,790.232,0,777.774
Northern Territory,Accommodation and food services,Skill level 5,664.924,196.523,713.23
Northern Territory,"Transport, postal and warehousing",Full-time,1808.754,1855.702,1263.429
Northern Territory,"Transport, postal and warehousing",Part-time,812.156,0,0
Northern Territory,"Transport, postal and warehousing",Skill level 1,1803.846,0,0
Northern Territory,"Transport, postal and warehousing",Skill level 2,0,0,0
Northern Territory,"Transport, postal and warehousing",Skill level 3,1737.089,1737.089,0
Northern Territory,"Transport, postal and warehousing",Skill level 4,1528.13,1894.701,0
Northern Territory,"Transport, postal and warehousing",Skill level 5,0,0,0
Northern Territory,Information Media and telecommunications,Full-time,0,0,0
Northern Territory,Information Media and telecommunications,Part-time,0,0,0
Northern Territory,Information Media and telecommunications,Skill level 1,0,0,0
Northern Territory,Information Media and telecommunications,Skill level 2,0,0,0
Northern Territory,Information Media and telecommunications,Skill level 3,0,0,0
Northern Territory,Information Media and telecommunications,Skill level 4,0,0,0
Northern Territory,Information Media and telecommunications,Skill level 5,0,0,0
Northern Territory,Financial and insurance services,Full-time,1270.238,0,0
Northern Territory,Financial and insurance services,Part-time,0,0,0
Northern Territory,Financial and insurance services,Skill level 1,0,0,0
Northern Territory,Financial and insurance services,Skill level 2,0,0,0
Northern Territory,Financial and insurance services,Skill level 3,0,0,0
Northern Territory,Financial and insurance services,Skill level 4,0,0,0
Northern Territory,Financial and insurance services,Skill level 5,0,0,0
Northern Territory,"Rental, hiring and real estate services",Full-time,1496.082,0,1426.171
Northern Territory,"Rental, hiring and real estate services",Part-time,0,0,0
Northern Territory,"Rental, hiring and real estate services",Skill level 1,0,0,0
Northern Territory,"Rental, hiring and real estate services",Skill level 2,0,0,0
Northern Territory,"Rental, hiring and real estate services",Skill level 3,0,0,0
Northern Territory,"Rental, hiring and real estate services",Skill level 4,0,0,0
Northern Territory,"Rental, hiring and real estate services",Skill level 5,0,0,0
Northern Territory,"Professional, scientific and technical services",Full-time,1757.35,1959.767,1523.264
Northern Territory,"Professional, scientific and technical services",Part-time,0,0,981.141
Northern Territory,"Professional, scientific and technical services",Skill level 1,1877.815,1712.958,2210.433
Northern Territory,"Professional, scientific and technical services",Skill level 2,1496.559,0,0
Northern Territory,"Professional, scientific and technical services",Skill level 3,0,0,0
Northern Territory,"Professional, scientific and technical services",Skill level 4,0,0,0
Northern Territory,"Professional, scientific and technical services",Skill level 5,0,0,0
Northern Territory,Administrative and support services,Full-time,1394.253,0,1344.397
Northern Territory,Administrative and support services,Part-time,0,0,0
Northern Territory,Administrative and support services,Skill level 1,1702.968,0,0
Northern Territory,Administrative and support services,Skill level 2,0,0,0
Northern Territory,Administrative and support services,Skill level 3,0,0,0
Northern Territory,Administrative and support services,Skill level 4,0,0,0
Northern Territory,Administrative and support services,Skill level 5,752.03,0,0
Northern Territory,Public administration and safety,Full-time,1873.955,1904.162,1856.348
Northern Territory,Public administration and safety,Part-time,1074.392,1136.452,758.094
Northern Territory,Public administration and safety,Skill level 1,2053,2053,2099.006
Northern Territory,Public administration and safety,Skill level 2,1818.151,1791.282,1836.25
Northern Territory,Public administration and safety,Skill level 3,0,0,0
Northern Territory,Public administration and safety,Skill level 4,1617.185,1591.278,1717.096
Northern Territory,Public administration and safety,Skill level 5,0,0,0
Northern Territory,Education and training,Full-time,1648.514,1734.82,1600
Northern Territory,Education and training,Part-time,810.625,0,810.625
Northern Territory,Education and training,Skill level 1,1763.34,2103.031,1685.905
Northern Territory,Education and training,Skill level 2,905.238,0,0
Northern Territory,Education and training,Skill level 3,0,0,0
Northern Territory,Education and training,Skill level 4,1246.69,0,1231.862
Northern Territory,Education and training,Skill level 5,0,0,0
Northern Territory,Health care and social assistance,Full-time,1500,1750,1450.705
Northern Territory,Health care and social assistance,Part-time,890.346,0,861.725
Northern Territory,Health care and social assistance,Skill level 1,1700,2003.088,1511.596
Northern Territory,Health care and social assistance,Skill level 2,1505.038,1782.037,1288.698
Northern Territory,Health care and social assistance,Skill level 3,813.724,0,896.877
Northern Territory,Health care and social assistance,Skill level 4,1113.766,1276.338,1000
Northern Territory,Health care and social assistance,Skill level 5,1132.317,0,0
Northern Territory,Arts and recreation services,Full-time,1381.493,1529.351,0
Northern Territory,Arts and recreation services,Part-time,624.54,0,0
Northern Territory,Arts and recreation services,Skill level 1,1561.504,0,0
Northern Territory,Arts and recreation services,Skill level 2,0,0,0
Northern Territory,Arts and recreation services,Skill level 3,0,0,0
Northern Territory,Arts and recreation services,Skill level 4,0,0,0
Northern Territory,Arts and recreation services,Skill level 5,0,0,0
Australian Capital Territory,"Agriculture, forestry and fishing",Full-time,0,0,0
Australian Capital Territory,"Agriculture, forestry and fishing",Part-time,0,0,0
Australian Capital Territory,"Agriculture, forestry and fishing",Skill level 1,0,0,0
Australian Capital Territory,"Agriculture, forestry and fishing",Skill level 2,0,0,0
Australian Capital Territory,"Agriculture, forestry and fishing",Skill level 3,0,0,0
Australian Capital Territory,"Agriculture, forestry and fishing",Skill level 4,0,0,0
Australian Capital Territory,"Agriculture, forestry and fishing",Skill level 5,0,0,0
Australian Capital Territory,Mining,Full-time,0,0,0
Australian Capital Territory,Mining,Part-time,0,0,0
Australian Capital Territory,Mining,Skill level 1,0,0,0
Australian Capital Territory,Mining,Skill level 2,0,0,0
Australian Capital Territory,Mining,Skill level 3,0,0,0
Australian Capital Territory,Mining,Skill level 4,0,0,0
Australian Capital Territory,Mining,Skill level 5,0,0,0
Australian Capital Territory,Manufacturing,Full-time,1157.217,1256.612,0
Australian Capital Territory,Manufacturing,Part-time,0,0,0
Australian Capital Territory,Manufacturing,Skill level 1,0,0,0
Australian Capital Territory,Manufacturing,Skill level 2,0,0,0
Australian Capital Territory,Manufacturing,Skill level 3,0,0,0
Australian Capital Territory,Manufacturing,Skill level 4,0,0,0
Australian Capital Territory,Manufacturing,Skill level 5,0,0,0
Australian Capital Territory,"Electricity, gas, water and waste services",Full-time,0,0,0
Australian Capital Territory,"Electricity, gas, water and waste services",Part-time,0,0,0
Australian Capital Territory,"Electricity, gas, water and waste services",Skill level 1,0,0,0
Australian Capital Territory,"Electricity, gas, water and waste services",Skill level 2,0,0,0
Australian Capital Territory,"Electricity, gas, water and waste services",Skill level 3,0,0,0
Australian Capital Territory,"Electricity, gas, water and waste services",Skill level 4,0,0,0
Australian Capital Territory,"Electricity, gas, water and waste services",Skill level 5,0,0,0
Australian Capital Territory,Construction,Full-time,1686.225,1684.2,0
Australian Capital Territory,Construction,Part-time,569.87,0,0
Australian Capital Territory,Construction,Skill level 1,0,0,0
Australian Capital Territory,Construction,Skill level 2,0,0,0
Australian Capital Territory,Construction,Skill level 3,1760.83,1811.79,0
Australian Capital Territory,Construction,Skill level 4,0,0,0
Australian Capital Territory,Construction,Skill level 5,0,0,0
Australian Capital Territory,Wholesale trade,Full-time,1493.071,1479.278,0
Australian Capital Territory,Wholesale trade,Part-time,0,0,0
Australian Capital Territory,Wholesale trade,Skill level 1,0,0,0
Australian Capital Territory,Wholesale trade,Skill level 2,0,0,0
Australian Capital Territory,Wholesale trade,Skill level 3,0,0,0
Australian Capital Territory,Wholesale trade,Skill level 4,0,0,0
Australian Capital Territory,Wholesale trade,Skill level 5,0,0,0
Australian Capital Territory,Retail trade,Full-time,1250,1304.622,1115.663
Australian Capital Territory,Retail trade,Part-time,401.305,321.784,579.8
Australian Capital Territory,Retail trade,Skill level 1,0,0,0
Australian Capital Territory,Retail trade,Skill level 2,1250,0,0
Australian Capital Territory,Retail trade,Skill level 3,0,0,0
Australian Capital Territory,Retail trade,Skill level 4,1125.615,1239.287,0
Australian Capital Territory,Retail trade,Skill level 5,495.277,367.57,577.352
Australian Capital Territory,Accommodation and food services,Full-time,1498.882,1504.485,0
Australian Capital Territory,Accommodation and food services,Part-time,340,340,325.799
Australian Capital Territory,Accommodation and food services,Skill level 1,0,0,0
Australian Capital Territory,Accommodation and food services,Skill level 2,1537.215,1537.215,0
Australian Capital Territory,Accommodation and food services,Skill level 3,0,0,0
Australian Capital Territory,Accommodation and food services,Skill level 4,503.979,522.697,467.35
Australian Capital Territory,Accommodation and food services,Skill level 5,228.79,227.259,277.9
Australian Capital Territory,"Transport, postal and warehousing",Full-time,1545.282,1708.195,0
Australian Capital Territory,"Transport, postal and warehousing",Part-time,616.293,0,0
Australian Capital Territory,"Transport, postal and warehousing",Skill level 1,0,0,0
Australian Capital Territory,"Transport, postal and warehousing",Skill level 2,0,0,0
Australian Capital Territory,"Transport, postal and warehousing",Skill level 3,0,0,0
Australian Capital Territory,"Transport, postal and warehousing",Skill level 4,0,0,0
Australian Capital Territory,"Transport, postal and warehousing",Skill level 5,0,0,0
Australian Capital Territory,Information Media and telecommunications,Full-time,1615.939,0,0
Australian Capital Territory,Information Media and telecommunications,Part-time,0,0,0
Australian Capital Territory,Information Media and telecommunications,Skill level 1,1651.432,0,1677.845
Australian Capital Territory,Information Media and telecommunications,Skill level 2,0,0,0
Australian Capital Territory,Information Media and telecommunications,Skill level 3,0,0,0
Australian Capital Territory,Information Media and telecommunications,Skill level 4,0,0,2289.268
Australian Capital Territory,Information Media and telecommunications,Skill level 5,0,0,0
Australian Capital Territory,Financial and insurance services,Full-time,2079.691,2620.118,1863.702
Australian Capital Territory,Financial and insurance services,Part-time,0,0,920.815
Australian Capital Territory,Financial and insurance services,Skill level 1,3319.608,0,11042.243
Australian Capital Territory,Financial and insurance services,Skill level 2,0,0,0
Australian Capital Territory,Financial and insurance services,Skill level 3,0,0,0
Australian Capital Territory,Financial and insurance services,Skill level 4,0,0,0
Australian Capital Territory,Financial and insurance services,Skill level 5,0,0,0
Australian Capital Territory,"Rental, hiring and real estate services",Full-time,0,0,0
Australian Capital Territory,"Rental, hiring and real estate services",Part-time,0,0,0
Australian Capital Territory,"Rental, hiring and real estate services",Skill level 1,0,0,0
Australian Capital Territory,"Rental, hiring and real estate services",Skill level 2,0,0,0
Australian Capital Territory,"Rental, hiring and real estate services",Skill level 3,0,0,0
Australian Capital Territory,"Rental, hiring and real estate services",Skill level 4,0,0,0
Australian Capital Territory,"Rental, hiring and real estate services",Skill level 5,0,0,0
Australian Capital Territory,"Professional, scientific and technical services",Full-time,2074.005,2245.91,2013
Australian Capital Territory,"Professional, scientific and technical services",Part-time,673.432,338.703,996.295
Australian Capital Territory,"Professional, scientific and technical services",Skill level 1,2203.419,2279.427,2049.692
Australian Capital Territory,"Professional, scientific and technical services",Skill level 2,1604.901,1451.662,1625.804
Australian Capital Territory,"Professional, scientific and technical services",Skill level 3,1577.766,0,0
Australian Capital Territory,"Professional, scientific and technical services",Skill level 4,1240.676,0,0
Australian Capital Territory,"Professional, scientific and technical services",Skill level 5,0,0,0
Australian Capital Territory,Administrative and support services,Full-time,1817.426,2164.651,0
Australian Capital Territory,Administrative and support services,Part-time,0,645.283,0
Australian Capital Territory,Administrative and support services,Skill level 1,0,0,0
Australian Capital Territory,Administrative and support services,Skill level 2,0,0,0
Australian Capital Territory,Administrative and support services,Skill level 3,0,0,0
Australian Capital Territory,Administrative and support services,Skill level 4,0,0,0
Australian Capital Territory,Administrative and support services,Skill level 5,658.234,0,0
Australian Capital Territory,Public administration and safety,Full-time,1787.594,1901.542,1740.349
Australian Capital Territory,Public administration and safety,Part-time,1521.424,1306.275,1557.434
Australian Capital Territory,Public administration and safety,Skill level 1,2003.105,1977.86,2107.981
Australian Capital Territory,Public administration and safety,Skill level 2,1617.971,1629.942,1613.042
Australian Capital Territory,Public administration and safety,Skill level 3,1599.397,1588.371,0
Australian Capital Territory,Public administration and safety,Skill level 4,1570.008,1739.395,1526.332
Australian Capital Territory,Public administration and safety,Skill level 5,0,0,0
Australian Capital Territory,Education and training,Full-time,1936,1958.33,1826.47
Australian Capital Territory,Education and training,Part-time,702.883,0,715.125
Australian Capital Territory,Education and training,Skill level 1,1863.824,2031.866,1720.432
Australian Capital Territory,Education and training,Skill level 2,0,0,0
Australian Capital Territory,Education and training,Skill level 3,1186.879,1928.702,1124.017
Australian Capital Territory,Education and training,Skill level 4,707.064,0,591.01
Australian Capital Territory,Education and training,Skill level 5,0,0,0
Australian Capital Territory,Health care and social assistance,Full-time,1505.907,1612.005,1500.713
Australian Capital Territory,Health care and social assistance,Part-time,790.808,662.217,826.622
Australian Capital Territory,Health care and social assistance,Skill level 1,1605.86,0,1659.053
Australian Capital Territory,Health care and social assistance,Skill level 2,1501.155,0,1078.246
Australian Capital Territory,Health care and social assistance,Skill level 3,966.491,0,0
Australian Capital Territory,Health care and social assistance,Skill level 4,1047.27,0,1138.027
Australian Capital Territory,Health care and social assistance,Skill level 5,0,0,0
Australian Capital Territory,Arts and recreation services,Full-time,1819.514,0,0
Australian Capital Territory,Arts and recreation services,Part-time,0,0,0
Australian Capital Territory,Arts and recreation services,Skill level 1,1891.622,0,0
Australian Capital Territory,Arts and recreation services,Skill level 2,0,0,0
Australian Capital Territory,Arts and recreation services,Skill level 3,0,0,0
Australian Capital Territory,Arts and recreation services,Skill level 4,0,0,0
Australian Capital Territory,Arts and recreation services,Skill level 5,0,0,161.604
